[
{
  "model": "polls.question",
  "pk": 2,
  "fields": {
    "question_text": "How much personal time do you spend studying?",
    "pub_date": "2023-09-01T10:00:00Z",
    "end_date": "2023-09-06T10:00:00Z"
  }
},
{
  "model": "polls.question",
  "pk": 3,
  "fields": {
    "question_text": "How much personal time do you spend on entertainment?",
    "pub_date": "2023-09-01T10:00:00Z",
    "end_date": "2023-09-20T10:00:00Z"
  }
},
{
  "model": "polls.question",
  "pk": 4,
  "fields": {
    "question_text": "If you went to study, which country would you like to go to?",
    "pub_date": "2023-09-07T05:00:00Z",
    "end_date": "2023-10-07T05:00:00Z"
  }
},
{
  "model": "polls.question",
  "pk": 5,
  "fields": {
    "question_text": "Which programming language do you prefer?",
    "pub_date": "2023-09-06T11:00:00Z",
    "end_date": null
  }
},
{
  "model": "polls.question",
  "pk": 6,
  "fields": {
    "question_text": "How do you prefer to acquire new knowledge or skills for personal or professional development?",
    "pub_date": "2023-09-20T11:00:00Z",
    "end_date": null
  }
},
{
  "model": "polls.choice",
  "pk": 4,
  "fields": {
    "question": 2,
    "choice_text": "30 minutes daily"
  }
},
{
  "model": "polls.choice",
  "pk": 5,
  "fields": {
    "question": 2,
    "choice_text": "1 hour daily"
  }
},
{
  "model": "polls.choice",
  "pk": 6,
  "fields": {
    "question": 2,
    "choice_text": "2 hours daily"
  }
},
{
  "model": "polls.choice",
  "pk": 7,
  "fields": {
    "question": 2,
    "choice_text": "Varies depending on my schedule"
  }
},
{
  "model": "polls.choice",
  "pk": 8,
  "fields": {
    "question": 3,
    "choice_text": "1 hour daily"
  }
},
{
  "model": "polls.choice",
  "pk": 9,
  "fields": {
    "question": 3,
    "choice_text": "2 hours daily"
  }
},
{
  "model": "polls.choice",
  "pk": 10,
  "fields": {
    "question": 3,
    "choice_text": "3 hours daily"
  }
},
{
  "model": "polls.choice",
  "pk": 11,
  "fields": {
    "question": 3,
    "choice_text": "Varies depending on my mood and availability"
  }
},
{
  "model": "polls.choice",
  "pk": 12,
  "fields": {
    "question": 5,
    "choice_text": "Python"
  }
},
{
  "model": "polls.choice",
  "pk": 13,
  "fields": {
    "question": 5,
    "choice_text": "Java"
  }
},
{
  "model": "polls.choice",
  "pk": 14,
  "fields": {
    "question": 4,
    "choice_text": "Japan"
  }
},
{
  "model": "polls.choice",
  "pk": 15,
  "fields": {
    "question": 4,
    "choice_text": "American"
  }
},
{
  "model": "polls.choice",
  "pk": 16,
  "fields": {
    "question": 5,
    "choice_text": "JavaScript"
  }
},
{
  "model": "polls.choice",
  "pk": 17,
  "fields": {
    "question": 5,
    "choice_text": "SQL"
  }
},
{
  "model": "polls.choice",
  "pk": 18,
  "fields": {
    "question": 5,
    "choice_text": "Rust"
  }
},
{
  "model": "polls.choice",
  "pk": 19,
  "fields": {
    "question": 5,
    "choice_text": "C++"
  }
},
{
  "model": "polls.choice",
  "pk": 20,
  "fields": {
    "question": 5,
    "choice_text": "C#"
  }
},
{
  "model": "polls.choice",
  "pk": 21,
  "fields": {
    "question": 6,
    "choice_text": "Traditional classroom setting"
  }
},
{
  "model": "polls.choice",
  "pk": 22,
  "fields": {
    "question": 6,
    "choice_text": "Online courses"
  }
},
{
  "model": "polls.choice",
  "pk": 23,
  "fields": {
    "question": 6,
    "choice_text": "Books and self-study"
  }
},
{
  "model": "polls.choice",
  "pk": 24,
  "fields": {
    "question": 6,
    "choice_text": "Workshops and seminars"
  }
},
{
  "model": "polls.choice",
  "pk": 25,
  "fields": {
    "question": 6,
    "choice_text": "On-the-job training"
  }
},
{
  "model": "polls.choice",
  "pk": 26,
  "fields": {
    "question": 6,
    "choice_text": "Mentorship programs"
  }
},
{
  "model": "polls.choice",
  "pk": 27,
  "fields": {
    "question": 6,
    "choice_text": "Peer learning"
  }
},
{
  "model": "polls.choice",
  "pk": 28,
  "fields": {
    "question": 4,
    "choice_text": "Italy"
  }
},
{
  "model": "polls.choice",
  "pk": 29,
  "fields": {
    "question": 4,
    "choice_text": "Spain"
  }
},
{
  "model": "polls.choice",
  "pk": 30,
  "fields": {
    "question": 4,
    "choice_text": "England"
  }
},
{
  "model": "polls.choice",
  "pk": 31,
  "fields": {
    "question": 4,
    "choice_text": "France"
  }
},
{
  "model": "polls.choice",
  "pk": 32,
  "fields": {
    "question": 4,
    "choice_text": "Germany"
  }
},
{
  "model": "polls.choice",
  "pk": 33,
  "fields": {
    "question": 4,
    "choice_text": "Others"
  }
},
{
  "model": "polls.choice",
  "pk": 34,
  "fields": {
    "question": 4,
    "choice_text": "I prefer not to study abroad."
  }
},
{
  "model": "polls.choice",
  "pk": 35,
  "fields": {
    "question": 5,
    "choice_text": "Others"
  }
},
{
  "model": "polls.choice",
  "pk": 36,
  "fields": {
    "question": 6,
    "choice_text": "Others"
  }
},
{
  "model": "polls.vote",
  "pk": 1,
  "fields": {
    "choice": 10,
    "user": 4
  }
},
{
  "model": "polls.vote",
  "pk": 2,
  "fields": {
    "choice": 10,
    "user": 2
  }
},
{
  "model": "polls.vote",
  "pk": 3,
  "fields": {
    "choice": 7,
    "user": 2
  }
},
{
  "model": "polls.vote",
  "pk": 4,
  "fields": {
    "choice": 14,
    "user": 2
  }
},
{
  "model": "polls.vote",
  "pk": 5,
  "fields": {
    "choice": 15,
    "user": 5
  }
},
{
  "model": "polls.vote",
  "pk": 6,
  "fields": {
    "choice": 8,
    "user": 5
  }
},
{
  "model": "polls.vote",
  "pk": 7,
  "fields": {
    "choice": 5,
    "user": 5
  }
},
{
  "model": "polls.vote",
  "pk": 8,
  "fields": {
    "choice": 21,
    "user": 7
  }
},
{
  "model": "polls.vote",
  "pk": 9,
  "fields": {
    "choice": 20,
    "user": 7
  }
},
{
  "model": "polls.vote",
  "pk": 10,
  "fields": {
    "choice": 31,
    "user": 7
  }
},
{
  "model": "polls.vote",
  "pk": 11,
  "fields": {
    "choice": 23,
    "user": 8
  }
},
{
  "model": "polls.vote",
  "pk": 12,
  "fields": {
    "choice": 17,
    "user": 8
  }
},
{
  "model": "polls.vote",
  "pk": 13,
  "fields": {
    "choice": 28,
    "user": 8
  }
},
{
  "model": "polls.vote",
  "pk": 14,
  "fields": {
    "choice": 23,
    "user": 9
  }
},
{
  "model": "polls.vote",
  "pk": 15,
  "fields": {
    "choice": 12,
    "user": 9
  }
},
{
  "model": "polls.vote",
  "pk": 16,
  "fields": {
    "choice": 14,
    "user": 9
  }
},
{
  "model": "polls.vote",
  "pk": 17,
  "fields": {
    "choice": 25,
    "user": 2
  }
},
{
  "model": "polls.vote",
  "pk": 18,
  "fields": {
    "choice": 19,
    "user": 2
  }
}
]
